id,name,window,hits_real,hits_shuffled,enrichment,log10p,passes
MA0156.4,FEV,-28..-13,871,286.3,3.0348027842227374,-168.59926623714355,True
MA1511.2,KLF10,-6..9,1466,623.7,2.3484525080042693,-180.07318090141868,True
MA0098.4,ETS1,-3..12,612,169.3,3.598825831702544,-150.90601949585337,True
MA0156.4,FEV,-40..-25,788,265.7,2.9587499999999998,-146.90780801793423,True
MA2562.1,TIGD5,-25..-10,281,204.0,1.3756097560975609,-6.714766511054832,False
MA2562.1,TIGD5,-42..-27,282,185.3,1.518783542039356,-10.593069709520583,True
MA0641.1,ELF4,-41..-26,585,163.7,3.5587044534412957,-142.27729929417004,True
MA0656.2,JDP2,-5..10,162,32.7,4.8415841584158406,-57.894802308535084,True
MA1951.2,FOS,-6..9,283,61.7,4.531914893617021,-92.66634584679328,True
MA2681.1,KLF8,-6..9,1798,740.0,2.427800269905533,-235.54615126214165,True
MA1957.1,HOXB2::ELK1,-36..-21,389,100.7,3.8360655737704916,-104.71091209039186,True
MA1475.2,CREB3L4,-4..11,451,128.0,3.503875968992248,-107.98662043265644,True
MA0748.3,YY2,7..22,634,336.0,1.8842729970326408,-46.879673303312906,True
MA2340.1,Zbtb2,-6..9,815,418.3,1.9459459459459458,-65.32561818437678,True
MA1933.2,ELK1::SREBF2,-35..-20,646,278.3,2.3162291169451072,-78.10584072914745,True
MA1475.2,CREB3L4,-36..-21,364,119.3,3.0332409972299166,-71.5503069252889,True
MA0616.3,HES2,-6..9,917,838.7,1.0932909884874948,-2.3994806674671416,False
MA0616.3,HES2,-36..-21,1032,905.3,1.1397572636998898,-4.69699764926372,False
MA0636.1,BHLHE41,-4..11,219,149.7,1.4601769911504425,-7.176209081768934,False
MA0060.4,NFYA,15..30,318,121.0,2.6147540983606556,-49.33385687681844,True
MA0615.2,Gmeb1,-35..-20,340,249.0,1.364,-7.578839445464447,False
MA1137.2,FOSL1::JUNB,-10..5,106,41.0,2.5476190476190474,-16.70194127200921,True
MA2552.1,ZNF367,-39..-24,94,32.3,2.8499999999999996,-17.991903961819187,True
MA0844.2,XBP1,-27..-12,384,230.7,1.6618705035971222,-19.701981946860016,True
MA0604.1,Atf1,-26..-11,434,218.7,1.9802731411229137,-37.10237753283206,True
MA1651.2,ZFP42,1..16,258,73.3,3.4843049327354256,-62.21113476035188,True
MA0615.2,Gmeb1,-6..9,359,233.7,1.534090909090909,-13.746994793084225,True
MA1957.1,HOXB2::ELK1,-9..6,319,95.7,3.3103448275862073,-71.35123577221911,True
MA1995.2,Npas4,-3..12,309,195.7,1.5762711864406778,-13.31333870989111,True
MA0058.4,MAX,-4..11,227,148.7,1.5233853006681513,-8.830670539840925,True
MA0108.3,TBP,-25..-10,145,26.7,5.27710843373494,-56.63395942488975,True
MA0108.3,TBP,-41..-26,150,30.7,4.768421052631579,-52.97686478167379,True
MA0656.2,JDP2,7..22,127,32.0,3.878787878787879,-36.097757091855506,True
MA1644.2,NFYC,32..47,285,114.7,2.4726224783861674,-40.121144048719366,True
MA1928.2,BNC2,-9..6,93,45.3,2.0287769784172665,-9.422272667663204,True
MA0864.3,E2F2,-34..-19,728,925.0,0.787257019438445,-3.380112419402408e-12,False
MA1935.2,ERF::FOXI1,-7..8,212,62.0,3.380952380952381,-49.46535688592806,True
MA1942.2,ETV2::FOXI1,-22..-7,229,60.3,3.7500000000000004,-60.850966911093366,True
MA1933.2,ELK1::SREBF2,-49..-36,509,262.7,1.934260429835651,-40.70019580683707,True
MA0638.2,CREB3,-5..10,292,162.0,1.7975460122699387,-19.539629938373075,True
MA0877.4,BARHL1,-37..-22,145,106.3,1.3602484472049687,-3.670787813986984,False
MA0502.3,NFYB,26..41,319,141.7,2.2429906542056073,-36.837974115051345,True
MA0687.2,SPIC,-33..-18,157,64.3,2.418367346938775,-21.858619354682983,True
MA0768.3,Lef1,-24..-9,117,75.7,1.5391304347826087,-5.193808316426551,True
MA0081.3,SPIB,-5..10,262,111.0,2.3482142857142856,-33.51298125339444,True
MA0600.3,RFX2,-7..8,76,24.0,3.08,-16.641333396653113,True
MA2683.1,NPAS3,-26..-11,548,445.3,1.2300224047796862,-5.842478545127797,False
MA0884.2,DUXA,51..66,33,13.0,2.4285714285714284,-5.61948655046832,True
MA2552.1,ZNF367,-23..-8,83,40.0,2.048780487804878,-8.720049027464837,True
MA1974.2,ZNF211,-24..-9,49,19.7,2.4193548387096775,-7.718727759726783,True
MA0829.3,SREBF1,-38..-23,71,21.0,3.2727272727272734,-17.023497007360152,True
MA0664.2,MLXIPL,-49..-37,215,98.7,2.167224080267559,-23.506524414139427,True
MA0081.3,SPIB,-40..-25,274,100.0,2.722772277227723,-45.79872517916134,True
MA0502.3,NFYB,45..60,261,151.0,1.7236842105263157,-15.495313370240659,True
MA0500.3,MYOG,17..32,198,114.3,1.7254335260115607,-12.065752588310994,True
MA0498.3,MEIS1,-7..8,473,403.0,1.1732673267326732,-3.4362753984972345,False
MA0611.3,Dux,51..66,43,23.0,1.8333333333333333,-3.904492906620845,True
MA0633.3,Twist2,-49..-36,201,165.3,1.214428857715431,-2.4059022350474253,False
MA0083.3,SRF,-44..-29,65,36.3,1.7678571428571428,-4.937281999458554,True
MA0060.4,NFYA,1..16,271,132.3,2.04,-25.467772229243135,True
