arch,method,seed,spearman_all,spearman_mean_element,tata_n,tata_spearman,tata_mean_delta,tata_sign_agree,thal_mean_delta,thal_damage_percentile,tert_c228t_delta,tert_c228t_activation_percentile
CNN-Dense,baseline,0,0.233108974395068,0.2417084479522484,26,0.3333333333333333,-0.3466835021972656,0.7307692307692307,-0.2782026529312134,74.24074074074073,-0.018136978149414,50.55555555555556
CNN-Dense,baseline,1,0.2701102877876887,0.2606377791230582,26,0.3935042735042734,-0.283994972705841,0.7307692307692307,-0.2287666052579879,65.50925925925925,-0.0167751312255859,43.0
CNN-Dense,baseline,2,0.2562365909729298,0.253428854424076,26,0.4714529914529914,-0.289837121963501,0.7307692307692307,-0.1947094947099685,63.52777777777777,-0.067082405090332,14.11111111111111
CNN-Dense,gcr,0,0.2969016954552561,0.2574584368794611,26,0.0892307692307692,-1.1029462814331057,0.8846153846153846,-0.7424809336662292,86.96296296296296,-0.0177884101867675,49.22222222222222
CNN-Dense,gcr,1,0.2406654331881011,0.2392792806407979,26,0.0153846153846153,-0.6597157716751099,0.9230769230769232,-0.3395490348339081,90.5925925925926,0.006110668182373,71.44444444444444
CNN-Dense,gcr,2,0.2933790043629909,0.2784786844272029,26,0.0386324786324786,-1.0001460313796997,0.9230769230769232,-0.6656578183174133,89.87037037037037,-0.0397610664367675,32.55555555555556
CNN-GlobalPool,baseline,0,0.2852550411367668,0.2318334598771599,26,0.3784615384615384,-0.216792032122612,0.6923076923076923,-0.1296168267726898,57.388888888888886,0.0148172378540039,69.55555555555556
CNN-GlobalPool,baseline,1,0.2908413349094572,0.2799842107026028,26,0.3429059829059829,-0.3600947260856628,0.7692307692307693,-0.2216506749391555,58.79629629629629,0.0198836326599121,70.66666666666667
CNN-GlobalPool,baseline,2,0.2769931432279716,0.2633707032895582,26,0.2376068376068376,-0.3267332911491394,0.6923076923076923,-0.1258348822593689,54.25,-0.1423044204711914,6.777777777777779
CNN-GlobalPool,baseline,3,0.2728155363149727,0.2149117054843358,26,0.0974358974358974,-0.3773899376392364,0.7307692307692307,-0.0483642257750034,48.42592592592592,0.0008430480957031,56.888888888888886
CNN-GlobalPool,baseline,4,0.2262482761588697,0.2223861040252434,26,0.4885470085470085,-0.8489863872528076,0.8076923076923077,-0.6192539930343628,67.0,0.0091581344604492,59.77777777777777
CNN-GlobalPool,gcr,0,0.2463172246300089,0.220409968359592,26,0.0523076923076923,-0.951663374900818,0.9615384615384616,-0.4124855995178222,91.7314814814815,0.0023548603057861,67.66666666666666
CNN-GlobalPool,gcr,1,0.2836237474217521,0.2729935907551309,26,0.3976068376068376,-1.480474591255188,0.9615384615384616,-1.427899718284607,98.16666666666666,0.0103898048400878,76.0
CNN-GlobalPool,gcr,2,0.2688400834535265,0.25381117262034,26,-0.0618803418803418,-0.5908957719802856,0.9615384615384616,-0.2864041626453399,93.74074074074072,0.0550527572631835,89.77777777777777
CNN-GlobalPool,gcr,3,0.2290718587651114,0.2550338033611938,26,0.5261538461538461,-0.7527270913124084,0.9230769230769232,-1.0444034337997437,97.2962962962963,-0.024867296218872,18.11111111111111
CNN-GlobalPool,gcr,4,0.271305502636715,0.283782868470195,26,-0.0434188034188034,-1.4963525533676147,0.9615384615384616,-0.7832480072975159,91.21296296296296,-0.017780065536499,30.11111111111111
CNN-GlobalPool,gcr_atlas,0,0.3288755148924869,0.290236810704943,26,0.3018803418803418,-0.1439138799905777,0.8076923076923077,-0.1095935702323913,65.17592592592592,0.1225342750549316,99.77777777777776
CNN-GlobalPool,gcr_atlas,1,0.2893932033567798,0.3047898019093562,26,0.4215384615384615,-0.4994486272335052,0.9615384615384616,-0.5148589015007019,96.78703703703702,0.0017015933990478,68.0
CNN-GlobalPool,gcr_atlas,2,0.2727200331761526,0.313105196488881,26,0.187008547008547,-0.2604828774929046,0.9230769230769232,-0.202217236161232,82.70370370370371,-0.0223751068115234,30.55555555555556
CNN-GlobalPool,gcr_atlas,3,0.3006381670440746,0.3193161064832054,26,0.1452991452991452,-0.3166077733039856,0.9230769230769232,-0.2322013229131698,75.67592592592595,0.0173101425170898,77.33333333333333
CNN-GlobalPool,gcr_atlas,4,0.324778197408575,0.3198159697710246,26,0.4721367521367521,-0.2929520905017853,0.8846153846153846,-0.2743617296218872,87.23148148148148,0.0752861499786377,96.88888888888889
CNN-GlobalPool,gcr_rank,0,0.3385252816285642,0.3059535657696165,26,0.2676923076923077,-1.5496666431427002,0.9230769230769232,-1.4553643465042114,91.07407407407408,-0.2028894424438476,2.7777777777777777
CNN-GlobalPool,gcr_rank,1,0.3530050144979029,0.3433460746824734,26,0.3025641025641025,-2.0289907455444336,0.9230769230769232,-1.7742007970809937,90.83333333333331,-0.0303821563720703,43.0
CNN-GlobalPool,gcr_rank,2,0.3129471026275127,0.3063130624103582,26,0.2608547008547008,-1.8731119632720947,0.9615384615384616,-1.7789030075073242,97.6296296296296,-0.1948843002319336,2.333333333333333
CNN-GlobalPool,hardneg,0,0.2670068791727182,0.2279917273898605,26,0.6417094017094016,-0.3766053318977356,0.6923076923076923,-0.8811309933662415,90.41666666666669,0.0211234092712402,56.777777777777786
CNN-GlobalPool,hardneg,1,0.3070189548489443,0.3126656985235829,26,0.0591452991452991,-1.023364543914795,0.9230769230769232,-0.6792756915092468,88.00925925925927,0.0138711929321289,58.333333333333336
CNN-GlobalPool,hardneg,2,0.2410338271417288,0.2840914993110319,26,-0.0119658119658119,-1.8413077592849727,0.9230769230769232,-1.1470593214035034,90.10185185185186,-0.4081649780273437,2.666666666666667
CNN-GlobalPool,randaug,0,0.2341227273533819,0.2321887809498594,26,0.3463247863247863,-0.5309467315673828,0.8076923076923077,-0.351541519165039,63.87037037037037,-0.0930404663085937,19.33333333333333
CNN-GlobalPool,randaug,1,0.2867719574164103,0.2717846069984754,26,0.1446153846153846,-0.6133495569229126,0.8461538461538461,-0.2806578576564789,61.05555555555557,-0.0740180015563964,24.55555555555556
CNN-GlobalPool,randaug,2,0.3048302613597443,0.3203103261759458,26,0.4283760683760683,-0.4267874956130981,0.8461538461538461,-0.460728257894516,75.55555555555556,-0.0638856887817382,23.22222222222222
NT-v2-100M,baseline,0,0.2580567078941826,0.2565601984879345,26,0.3887179487179487,-1.1023268699645996,0.8461538461538461,-0.7584300637245178,82.73148148148147,-0.0059571266174316,29.33333333333333
NT-v2-100M,baseline,1,0.2171104415354084,0.2835581416368358,26,0.6451282051282051,-2.051973581314087,0.9230769230769232,-2.44350266456604,94.56481481481482,-0.0105342864990234,13.333333333333334
NT-v2-100M,baseline,2,0.238382084610023,0.2617779761896839,26,0.3996581196581196,-0.2183300703763961,0.9230769230769232,-0.1572888344526291,81.57407407407406,0.0008833408355712,54.888888888888886
NT-v2-100M,gcr,0,0.2455498792599774,0.2964618455891326,26,0.178119658119658,-2.9666507244110107,0.9230769230769232,-2.25892186164856,90.82407407407406,-0.0472116470336914,3.6666666666666665
NT-v2-100M,gcr,1,0.1588799667252361,0.1924346603408498,26,0.5227350427350427,-1.4477474689483645,0.9230769230769232,-1.6810909509658811,90.9351851851852,0.0096395015716552,85.0
NT-v2-100M,gcr,2,0.2331201747399899,0.2977274058038747,26,0.4577777777777777,-1.2117741107940674,0.9230769230769232,-1.118010640144348,90.49074074074072,0.0065019130706787,58.11111111111112
NT-v2-100M,gcr_atlas,0,0.2505175974614905,0.2962654059228071,26,0.3333333333333333,-0.54557865858078,0.9615384615384616,-0.4611915051937103,88.88888888888889,-0.0855934619903564,14.11111111111111
NT-v2-100M,gcr_atlas,1,0.317311402246357,0.3326599341212427,26,0.6834188034188033,-0.6840723752975464,0.9230769230769232,-1.051208257675171,98.87962962962962,-0.0132179260253906,48.0
NT-v2-100M,gcr_atlas,2,0.1949096501958797,0.2125413559563068,26,0.5302564102564101,-0.4361348748207092,0.8846153846153846,-0.3697752058506012,77.3888888888889,0.0385658740997314,77.0
NT-v2-50M,baseline,0,0.1255978983039725,0.1309127096865452,26,0.1965811965811965,0.0144410748034715,0.4230769230769231,0.0280444417148828,39.26851851851851,-0.036238670349121,0.4444444444444444
NT-v2-50M,baseline,1,0.206292731180065,0.1312162275707219,26,0.0564102564102564,-0.0323051176965236,0.7692307692307693,-0.0283209383487701,67.2962962962963,0.004056692123413,61.55555555555555
NT-v2-50M,baseline,2,0.1945371778557859,0.2086635476286564,26,0.3634188034188034,-0.1303066611289978,0.6923076923076923,-0.1348303109407425,81.25,-0.011162519454956,24.444444444444443
NT-v2-50M,baseline,3,0.1984552289495072,0.2581813713450501,26,0.055042735042735,-0.4421708285808563,0.8846153846153846,-0.0995475128293037,64.67592592592592,-0.0039377212524414,13.0
NT-v2-50M,baseline,4,0.2459270995723751,0.2144820280393856,26,0.6629059829059828,-1.3334723711013794,0.9230769230769232,-2.2127840518951416,90.74074074074076,0.0110025405883789,71.44444444444444
NT-v2-50M,gcr,0,0.1926604504955255,0.2778993830800645,26,0.6273504273504273,-1.53630268573761,0.9230769230769232,-1.5334601402282717,90.87037037037038,-0.0254743099212646,15.777777777777777
NT-v2-50M,gcr,1,0.18644316337794,0.2044926683472655,26,0.1863247863247863,-2.143408298492432,0.9230769230769232,-1.240083932876587,90.86111111111111,0.0124692916870117,69.33333333333334
NT-v2-50M,gcr,2,0.1594965335389002,0.2362797769429422,26,0.0892307692307692,-2.136216640472412,0.9230769230769232,-1.3305158615112305,82.88888888888889,-0.0110552310943603,3.111111111111111
NT-v2-50M,gcr,3,0.2190859599384967,0.2823201634127412,26,0.4988034188034188,-2.4897685050964355,0.9615384615384616,-2.723771810531616,90.83333333333331,-0.0588884353637695,2.333333333333333
NT-v2-50M,gcr,4,0.1425628294457433,0.1962252301130647,26,0.3278632478632478,-2.0914463996887207,0.9230769230769232,-1.8479708433151243,90.78703703703704,-0.0437312126159668,27.88888888888889
NT-v2-50M,gcr_atlas,0,0.281890494045084,0.35069040391828,26,0.228034188034188,-0.4436322450637817,0.8846153846153846,-0.2315160036087036,77.97222222222223,-0.0104217529296875,50.11111111111111
NT-v2-50M,gcr_atlas,1,0.3448688769837204,0.3633426326063987,26,0.6841025641025641,-0.6566358208656311,0.9230769230769232,-0.6016879081726074,88.85185185185186,-0.1374411582946777,15.11111111111111
NT-v2-50M,gcr_atlas,2,0.281067086079003,0.326831150860001,26,0.3278632478632478,-1.301965832710266,0.9230769230769232,-1.015465497970581,90.75,0.0072872638702392,56.22222222222221
NT-v2-50M,gcr_atlas,3,0.2392985650075476,0.2632948814800933,26,0.5247863247863247,-1.063686728477478,0.9615384615384616,-0.9729185700416564,94.12962962962963,-0.0031967163085937,59.55555555555555
NT-v2-50M,gcr_atlas,4,0.2211686762510169,0.252707419048002,26,0.7258119658119657,-2.051579475402832,0.9230769230769232,-2.2909514904022217,98.63888888888889,-0.0603041648864746,39.33333333333333
NT-v2-50M,hardneg,0,0.2107381724281535,0.2830088675680332,26,0.3538461538461538,-1.4993504285812378,0.8846153846153846,-1.438021183013916,82.87962962962963,-0.0092830657958984,32.111111111111114
NT-v2-50M,hardneg,1,0.0904146930750915,0.1801788941447396,26,0.3394871794871794,-2.7445414066314697,0.8846153846153846,-2.736300230026245,96.10185185185183,0.0530123710632324,82.33333333333334
NT-v2-50M,hardneg,2,0.2894781190152912,0.2198302674476734,26,0.7271794871794871,-0.563572347164154,0.8846153846153846,-0.7320907115936279,83.37037037037037,0.0031437873840332,69.77777777777779
Transformer,baseline,0,0.052911738147136,0.113884332371843,26,0.2492307692307692,-0.3646298050880432,0.7692307692307693,0.1298113465309143,45.56481481481481,-0.0125913619995117,26.666666666666668
Transformer,baseline,1,0.0647394251127654,0.1169011167603024,26,-0.3312820512820512,-0.0979138687252998,0.6538461538461539,0.0111360354349017,48.36111111111112,0.0002822875976562,46.77777777777778
Transformer,baseline,2,0.0109061228176866,0.0497712768366252,26,0.2321367521367521,0.0250627174973487,0.3461538461538461,0.0337291173636913,39.49074074074074,-0.1092300415039062,16.77777777777778
Transformer,baseline,3,0.1515941446604614,0.1289666378998513,26,0.0536752136752136,-0.0319806411862373,0.4230769230769231,0.0444733798503875,45.06481481481481,0.0162863731384277,77.88888888888889
Transformer,baseline,4,0.1026500975213742,0.1017240956594713,26,0.1411965811965811,0.0167560596019029,0.5,0.1548184305429458,33.93518518518518,0.0060572624206542,61.55555555555555
Transformer,gcr,0,0.2005410831929828,0.2890738222054599,26,0.1541880341880341,-1.853869915008545,0.9615384615384616,-1.4399138689041138,89.58333333333334,-0.0003228187561035,50.11111111111111
Transformer,gcr,1,0.1878985386319527,0.2396912145181254,26,0.1254700854700854,-1.0418003797531128,0.9230769230769232,-0.7970522046089172,95.7962962962963,0.0046262741088867,76.88888888888889
Transformer,gcr,2,0.1167958881098934,0.2243921984997157,26,0.1685470085470085,-1.344460368156433,0.9615384615384616,-0.7284235954284668,97.39814814814814,0.0027542114257812,75.0
Transformer,gcr,3,0.1361808850835175,0.1613198457845704,26,-0.0741880341880341,-2.1267786026000977,0.9230769230769232,-1.0282481908798218,97.75,0.0009069442749023,65.77777777777779
Transformer,gcr,4,0.1434278756593081,0.219006986407077,26,-0.0194871794871794,-2.915215492248535,0.9615384615384616,-1.236347198486328,82.31481481481482,-0.0092639923095703,18.444444444444443
Transformer,gcr_atlas,0,0.2351313062393134,0.3019672757223802,26,0.4652991452991452,-0.5631120204925537,0.8461538461538461,-0.672385036945343,80.87037037037037,-0.006105899810791,57.333333333333336
Transformer,gcr_atlas,1,0.2296535462437741,0.2640834664694006,26,0.5411965811965811,-0.2710478901863098,0.7307692307692307,-0.4417950212955475,81.8611111111111,0.0041048526763916,61.44444444444444
Transformer,gcr_atlas,2,0.2574833598027716,0.3140718569678635,26,0.5883760683760684,-0.2906875014305115,0.8076923076923077,-0.4069485664367676,73.72222222222223,-0.0256876945495605,33.33333333333333
Transformer,gcr_atlas,3,0.2199184986205466,0.2199325125801309,26,0.3866666666666666,-0.2471848577260971,0.7692307692307693,-0.1291478723287582,58.23148148148148,0.0014064311981201,60.66666666666667
Transformer,gcr_atlas,4,0.2411384651467332,0.2940952304648466,26,0.3545299145299145,-0.6437698602676392,0.8846153846153846,-0.5668290257453918,75.05555555555557,-0.0397133827209472,20.88888888888889
Transformer,gcr_atlas_scram,0,0.1478621143798093,0.15125939933329,26,0.4194871794871794,-0.0268664825707674,0.5384615384615384,-0.0664978623390197,67.28703703703704,-0.1662325859069824,5.444444444444444
Transformer,gcr_atlas_scram,1,0.1272434968073386,0.094879930152099,26,0.2697435897435897,0.014140048995614,0.4230769230769231,0.0092515051364898,42.74074074074074,-0.0586152076721191,17.0
Transformer,gcr_atlas_scram,2,0.1097850809031653,0.0861605198745251,26,0.2779487179487179,0.0238203909248113,0.2692307692307692,-0.0178477466106414,52.61111111111111,-0.0656118392944336,15.333333333333332
Transformer,gcr_atlas_scram,3,0.0480171265448144,0.0296141531377222,26,0.1117948717948717,0.0119830854237079,0.4615384615384615,0.0445005483925342,33.23148148148148,-0.0026936531066894,34.0
Transformer,gcr_atlas_scram,4,0.0962010712703817,0.0594177543327193,26,0.1405128205128205,0.0168940015137195,0.3846153846153846,0.0560511462390422,35.48148148148149,-0.1440701484680175,4.333333333333334
Transformer,gcr_decoy,0,0.0782872761251165,0.0036309797304248,26,0.31008547008547,-0.0280332528054714,0.5384615384615384,-0.1363814920186996,60.24074074074074,-0.0263819694519042,32.77777777777778
Transformer,gcr_decoy,1,0.1338907797756224,0.1009359763815951,26,0.3982905982905982,-0.0038309888914227,0.4230769230769231,-0.0131427971646189,55.00925925925927,-0.0086398124694824,39.33333333333333
Transformer,gcr_decoy,2,0.0808483202115306,0.0502694814886275,26,0.1384615384615384,0.0597793646156787,0.3076923076923077,0.0638030692934989,39.43518518518518,-0.0209569931030273,26.555555555555557
Transformer,gcr_decoy,3,0.0309544358707359,0.0171364812305084,26,-0.1637606837606837,0.0018267080886289,0.4615384615384615,0.0073777087964117,44.2962962962963,-0.0030357837677001,52.44444444444445
Transformer,gcr_decoy,4,0.1625492971159629,0.1669145669161874,26,0.3743589743589743,-0.0005450913449749,0.5,0.005313838366419,50.72222222222222,0.0002918243408203,59.0
Transformer,gcr_rank,0,0.1506927580730671,0.2306843053159187,26,0.2136752136752136,-1.211275935173035,0.9230769230769232,-1.4438976049423218,93.62037037037037,0.0004277229309082,55.55555555555556
Transformer,gcr_rank,1,0.1716859784860244,0.2333649252487309,26,0.5247863247863247,-1.0124297142028809,0.9230769230769232,-1.472237229347229,82.92592592592592,0.0089592933654785,59.88888888888889
Transformer,gcr_rank,2,0.2007938487949174,0.2788077951370714,26,0.3935042735042734,-1.8940621614456177,0.9615384615384616,-1.8621894121170044,97.55555555555556,-0.0407729148864746,26.555555555555557
Transformer,gcr_rank,3,0.2314693412928016,0.2874617541270497,26,-0.0126495726495726,-1.6331734657287598,0.9230769230769232,-0.9848715662956238,87.35185185185185,-0.1363520622253418,6.111111111111111
Transformer,gcr_rank,4,0.1773658316616768,0.2706962279518245,26,0.4023931623931623,-1.1492116451263428,0.9230769230769232,-1.8626896142959597,88.31481481481482,-0.0085043907165527,40.55555555555556
Transformer,hardneg,0,0.2094974026232334,0.2796293888811886,26,-0.057094017094017,-1.7937071323394775,0.9230769230769232,-1.357944369316101,90.37037037037038,0.0285611152648925,70.33333333333334
Transformer,hardneg,1,0.174090400357851,0.2240836540999507,26,0.3613675213675213,-0.5385754108428955,0.9230769230769232,-0.4896658360958099,93.7037037037037,0.0452253818511962,74.22222222222223
Transformer,hardneg,2,0.1850501204782754,0.2750522878242192,26,0.5193162393162393,-2.2948226928710938,0.8846153846153846,-2.3023159503936768,97.87962962962963,0.0172059535980224,66.77777777777779
Transformer,hardneg,3,0.0876781566277538,0.1330331960130533,26,-0.1658119658119658,-1.565146803855896,0.9615384615384616,-1.395978927612305,98.38888888888889,-0.0438337326049804,22.0
Transformer,hardneg,4,0.2049276891427052,0.2549395838281292,26,-0.2882051282051281,-0.8697956800460815,0.8846153846153846,-0.0813576281070709,70.86111111111111,0.0107121467590332,58.66666666666666
Transformer,randaug,0,0.1202024973664732,0.0883161061214776,26,0.2964102564102564,0.0174863114953041,0.5384615384615384,0.0087871747091412,47.851851851851855,-0.0640921592712402,18.11111111111111
Transformer,randaug,1,0.1578917189001955,0.1707044415878421,26,0.3347008547008547,-0.0848407596349716,0.8076923076923077,-0.1190296784043312,70.0925925925926,-0.0472488403320312,22.666666666666664
Transformer,randaug,2,0.0765787974244441,0.115272112039894,26,0.2437606837606837,0.017975253984332,0.4230769230769231,0.1012817248702049,37.05555555555555,-0.0773639678955078,16.333333333333332
Transformer,randaug,3,0.0792592104042925,0.0601391852047269,26,0.2779487179487179,-0.071964107453823,0.6923076923076923,0.0648249611258506,40.43518518518518,-0.179354190826416,9.333333333333334
Transformer,randaug,4,0.1045619461402804,0.1299163621510161,26,0.2034188034188034,-0.0362565666437149,0.4615384615384615,-0.0229872167110443,49.76851851851851,-0.0862855911254882,13.333333333333334
CNN-GlobalPool,gcr_atlas_scram,0,0.20352457511696334,0.1395668845772596,26,0.10153846153846154,0.01107787899672985,0.46153846153846156,0.03367544710636139,40.74074074074075,-0.0024347305297851562,58.77777777777777
CNN-GlobalPool,gcr_atlas_scram,1,0.14868460927429344,0.11113727701227553,26,-0.05777777777777777,0.010830612853169441,0.4230769230769231,0.058224838227033615,39.50925925925926,-0.010611534118652344,48.888888888888886
CNN-GlobalPool,gcr_atlas_scram,2,0.15508688469741005,0.12405021652005445,26,0.13777777777777778,0.006767424289137125,0.34615384615384615,0.02499878965318203,43.898148148148145,-0.010538101196289062,48.77777777777778
CNN-GlobalPool,gcr_atlas_scram,3,0.18370668780204216,0.14120095939635127,26,0.22940170940170937,0.0008229091763496399,0.5,0.028065437451004982,45.333333333333336,-0.008992195129394531,50.77777777777778
CNN-GlobalPool,gcr_atlas_scram,4,0.21247438130305699,0.1682706390442598,26,0.021538461538461538,0.004579115193337202,0.4230769230769231,0.029105937108397484,43.90740740740741,-0.0015213489532470703,62.22222222222222
NT-v2-100M,gcr_atlas_scram,0,0.17184570514404143,0.1364577448822766,26,0.36752136752136744,-0.21242505311965942,0.8461538461538461,-0.3321865499019623,68.94444444444444,-0.019723892211914062,40.666666666666664
NT-v2-100M,gcr_atlas_scram,1,0.1542828338491833,0.04754199612515984,26,0.10495726495726496,0.022472940385341644,0.4230769230769231,0.1258167028427124,17.47222222222222,-0.11819171905517578,9.666666666666666
NT-v2-100M,gcr_atlas_scram,2,0.1498050089951248,0.16922825951166504,26,0.530940170940171,-0.15859025716781616,0.8461538461538461,-0.07237199693918228,60.72222222222222,-0.10623478889465332,24.333333333333336
NT-v2-100M,gcr_atlas_scram,3,0.10499547253448678,0.10867203187794383,26,0.18085470085470085,-0.01287141628563404,0.6153846153846154,0.10622450709342957,32.75925925925926,-0.09311294555664062,28.555555555555557
NT-v2-100M,gcr_atlas_scram,4,0.1450135136118127,0.10981078457052537,26,0.05914529914529914,0.03148704022169113,0.46153846153846156,0.04745405912399292,37.5,-0.058125972747802734,38.44444444444444
NT-v2-50M,gcr_atlas_scram,0,0.029436241290856795,0.024149273951192804,26,0.06324786324786325,0.05031875520944595,0.34615384615384615,0.04656045511364937,36.31481481481482,-0.11229753494262695,13.0
NT-v2-50M,gcr_atlas_scram,1,0.07841340174836775,0.07863328415471121,26,0.29504273504273504,-0.15126000344753265,0.7692307692307693,-0.1597856730222702,78.76851851851852,0.02662372589111328,69.77777777777779
NT-v2-50M,gcr_atlas_scram,2,0.15833936746843383,0.09949041381491902,26,0.012649572649572649,0.05293235927820206,0.34615384615384615,0.11655905842781067,28.370370370370374,-0.12392473220825195,8.0
NT-v2-50M,gcr_atlas_scram,3,0.13263256913348334,0.1368573064150136,26,0.059829059829059825,-0.06549060344696045,0.6153846153846154,0.09668374061584473,42.23148148148148,0.023558616638183594,69.22222222222221
NT-v2-50M,gcr_atlas_scram,4,0.12733547355286598,0.1223008110381535,26,-0.028376068376068375,-0.031025687232613564,0.5,0.08580311387777328,34.14814814814815,-0.20770573616027832,2.2222222222222223
