arch,method,n_seeds,spearman,ci_lo,ci_hi,rho_TATA_promoters,rho_other_promoters,rho_F9,rho_GP1BA,rho_HBB,rho_HBG1,rho_HNF4A,rho_LDLR,rho_MSMB,rho_PKLR,rho_TERT,diff_vs_baseline,diff_ci_lo,diff_ci_hi,p_boot,tata_prom_diff,tata_prom_diff_lo,tata_prom_diff_hi
CNN-Dense,baseline,3,0.26673253159357074,0.18846185473464797,0.34179641533071814,0.45821194430973916,0.22886670882159835,0.11672473867595821,0.120507399577167,0.6614304812834225,0.3323409363745498,0.21246573133365584,0.10961225729344226,0.4279283216783217,0.24969696969696967,0.1687862699098654,,,,,,,
CNN-Dense,gcr,3,0.2908888755039356,0.21156802407303985,0.3639278329844049,0.5775847070190311,0.21892245095085303,-0.012020905923344951,-0.0872445384073291,0.6487299465240642,0.634093637454982,0.08885663602644733,0.03153470875213073,0.5833479020979021,0.3156091527520099,0.09228299790097542,0.024305004425002698,-0.033981151836493875,0.08370338606112036,0.21839080459770116,0.11899479250438005,0.010748414689841512,0.22841624450031142
CNN-GlobalPool,baseline,5,0.30784138887198864,0.2270867239422372,0.3837080447240615,0.47069079763231253,0.27988450086958305,-0.009407665505226483,0.1281183932346723,0.6734625668449199,0.36,0.21561038542170616,0.08835400380101492,0.4941433566433566,0.351873840445269,0.19657570893525947,,,,,,,
CNN-GlobalPool,gcr,5,0.31025323705946994,0.2279855234924626,0.3828111047374879,0.5467410980354414,0.27553111727572954,0.13222996515679447,-0.16913319238900634,0.7312834224598931,0.5819447779111645,0.1870666021609418,-0.05077489762730462,0.6472902097902098,0.3637724180581323,0.237765979339013,0.001291606797957036,-0.055404203232811214,0.060236294013123914,0.4752623688155922,0.07549367169475675,-0.014504426075865117,0.17688463316484337
CNN-GlobalPool,gcr_atlas,5,0.33628880405912676,0.25979454767037435,0.4072721982667355,0.5689076283515402,0.29832663515200175,0.019512195121951223,0.034108527131782945,0.7189171122994653,0.6365906362545017,0.3408321238509918,0.2631027253668763,0.5777097902097902,0.28670377241805817,0.23430876239865003,0.02852871725402296,-0.034228228744850125,0.0894174989899019,0.17641179410294852,0.09981031380435466,0.003751781043256268,0.1987327735519565
CNN-GlobalPool,gcr_atlas_scram,5,0.18873101644256288,0.11089896225451337,0.2655844898590578,0.2023639856813395,0.1791523188821187,0.36289198606271783,-0.03439041578576462,0.45621657754010697,-0.038463385354141656,0.1931946460248347,-0.016575559865984833,0.15659965034965034,0.09518862090290661,0.08217475408486644,-0.1186253454377384,-0.1941954127276059,-0.03986318374403616,0.9995002498750625,-0.26609511035059835,-0.4234857854988339,-0.11237743609765995
CNN-GlobalPool,gcr_rank,3,0.3530482332201561,0.2772712895824762,0.42740403911698366,0.6182973824392809,0.3135305954157796,0.07839721254355403,0.13629316420014093,0.8609625668449199,0.6513805522208883,0.08151910982099661,0.09606379435333764,0.6466783216783217,0.4278664192949907,0.09546034489854714,0.04425475367308001,-0.0069209992132180055,0.09476533415264755,0.044977511244377814,0.14836875249621562,0.07024881043264763,0.23799074585051996
CNN-GlobalPool,hardneg,3,0.2979559279210324,0.2174354269545717,0.37081987820513135,0.5165045884125462,0.25950950302565,0.2837979094076655,-0.004933051444679351,0.7623663101604279,0.5224009603841536,0.1894855668440574,0.15342189306216816,0.522770979020979,0.30734693877551017,0.08801909700786104,-0.010366233020140909,-0.06787509557382335,0.04526621165057517,0.6501749125437282,0.04634785224522651,-0.042362370833029635,0.1355999462049668
CNN-GlobalPool,randaug,3,0.3043327590823155,0.22256416884673838,0.3799917760575689,0.5114812113853342,0.2713870648460531,0.11167247386759586,0.280338266384778,0.7352941176470589,0.3938055222088835,0.1407031124012256,0.08561100335037912,0.5354020979020979,0.27139146567718,0.17863110672099436,-0.0034637359130187564,-0.047695204058430904,0.04055326262277484,0.5697151424287856,0.04116790740381504,-0.01934105967090852,0.1056043666275974
NT-v2-100M,baseline,3,0.2552749478518172,0.17210055365733617,0.3308871866233507,0.3993751318775289,0.251648730696732,0.1074912891986063,0.13643410852713178,0.6764705882352942,0.41445378151260504,0.2524592807611676,0.021865632163639567,0.5981206293706294,0.28656771799628944,0.17514096390500883,,,,,,,
NT-v2-100M,gcr,3,0.25144521733249725,0.16841464860057337,0.32701149250392336,0.5125695480441407,0.21254386908141268,0.18797909407665508,-0.1581395348837209,0.6681149732620322,0.6247779111644658,0.23705853894533138,-0.07264052979094418,0.6197115384615385,0.32361162646876934,0.14738445075523726,-0.004852296671221312,-0.06128248969981786,0.05246160452822541,0.567216391804098,0.10917516903723964,0.006048672895849932,0.22072493612908706
NT-v2-100M,gcr_atlas,3,0.3241861009137077,0.24547137871559482,0.3962013201844306,0.5793467758951939,0.28957113167642184,0.17020905923344953,0.30613107822410146,0.6102941176470589,0.6549339735894358,-0.06482825350749878,-0.011540194753031995,0.5038898601398601,0.3181570810142239,0.5530641643001194,0.06814637070570605,-0.010776860192143262,0.14813545193617264,0.04397801099450275,0.1783375983632161,0.058325979535221735,0.30824247446633685
NT-v2-100M,gcr_atlas_scram,5,0.1925230636559125,0.10993378311071066,0.26892719576497526,0.4051240666772786,0.14363618948287055,0.30853658536585377,-0.2863988724453841,0.22961229946524067,0.21296518607442977,0.11401386873084986,-0.08935323967946081,0.6203671328671329,0.21282622139764995,0.06105280487302959,-0.062239907664855126,-0.13384910565577277,0.01194426000562167,0.9540229885057471,0.005643719931839169,-0.12433929253409824,0.12886099323580108
NT-v2-50M,baseline,5,0.24736926572395268,0.16554929320979347,0.3278779582572383,0.46563780600213966,0.2076344220584549,0.14895470383275264,0.16560958421423536,0.6216577540106952,0.15515006002400963,0.11715852281890017,-0.06689982170497072,0.6225524475524475,0.31700680272108844,0.04868913857677902,,,,,,,
NT-v2-50M,gcr,5,0.22232797282187608,0.14053195375108546,0.3020870542440809,0.4799379574067974,0.17654463388882177,0.1653310104529617,0.07343199436222692,0.7660427807486632,0.4013925570228091,0.18198677632639895,-0.1303023178353808,0.6775786713286713,0.31690785405071115,0.061546693007367155,-0.02543573502837158,-0.08730471351290216,0.03433183219976757,0.7936031984007996,0.013809046693074374,-0.10070566490999051,0.1321949830504843
NT-v2-50M,gcr_atlas,5,0.31275377493472983,0.23524536580743197,0.3902737071441522,0.6447543283593141,0.24550163695942812,0.09198606271777005,-0.0023960535588442564,0.6290106951871658,0.6720288115246097,0.017900338655055633,0.04206587119653598,0.7248688811188811,0.3565244279529994,0.4150059678149566,0.06473931869862,-0.01894059658696438,0.14949647590616644,0.059470264867566215,0.18015392781509756,0.07076049297756497,0.2903554311788565
NT-v2-50M,gcr_atlas_scram,5,0.1185610381210131,0.03940888820194675,0.1974527398954684,0.22118036403750693,0.09620961594850981,0.2331010452961673,-0.025369978858350954,0.24364973262032086,-0.0013925570228091237,0.06313497822931785,-0.1899625776367092,0.3703234265734266,0.17910946196660482,0.11931514178705191,-0.1289101068078188,-0.19318976625559506,-0.06148752720726883,1.0,-0.2435167661994663,-0.33944833635208654,-0.1515070635322249
NT-v2-50M,hardneg,3,0.209898146559009,0.12058391621426941,0.2886243473782664,0.5274953079363435,0.14575548402510358,0.32787456445993035,-0.034108527131782945,0.7179144385026739,0.43202881152460976,0.00516045799064667,-0.1185074158976469,0.6206293706293706,0.2918985776128633,-0.0478659916862164,-0.03883727421658571,-0.10481753738069116,0.025980095600321242,0.8770614692653673,0.06102360863576795,-0.03159674087127565,0.160032729103726
Transformer,baseline,5,0.08835157736618471,0.007762854185543454,0.16826733727756735,0.18133761757922834,0.08410231831328405,-0.025783972125435543,0.38477801268498946,0.41911764705882354,-0.13334933973589436,0.1931946460248347,-0.11381492584102353,0.22972027972027972,-0.0001978973407544836,0.21664403012717617,,,,,,,
Transformer,gcr,5,0.18532532025757995,0.09924023793974933,0.260367236015168,0.5332923664659045,0.10463732384933,0.07735191637630663,0.15715292459478505,0.7372994652406417,0.5742617046818728,0.11240122560877278,-0.01003154450518231,0.6553321678321679,0.16252319109461966,0.0712598263160061,0.09747253417982325,0.021036137575949448,0.17101386167030574,0.0069965017491254375,0.3485756693006889,0.18190620568166407,0.5161516437850955
Transformer,gcr_atlas,5,0.2654776059907967,0.1828819980286234,0.3394827337981156,0.5485920107204864,0.2113261958648287,0.10783972125435543,0.2369274136715997,0.5481283422459894,0.6738535414165666,0.3046282857603612,0.12665804580810752,0.43706293706293703,0.20446505875077303,0.257916615219986,0.1771848092547553,0.09691931986203924,0.2579820496912501,0.0004997501249375312,0.3648743269810349,0.19745013927034238,0.5335754499961256
Transformer,gcr_atlas_scram,5,0.13698664033205857,0.05490444482307387,0.21420520837559728,0.2873023687980544,0.10052938324741482,0.17282229965156798,0.1267089499647639,0.455548128342246,-0.004657863145258102,0.19392033542976939,-0.25458962753972453,0.15358391608391608,0.09810760667903524,0.07167139976128739,0.04927688682749514,-0.02174012731236666,0.12147618476870005,0.08895552223888056,0.10643976988135471,-0.056500689526768795,0.2664204260724582
Transformer,gcr_decoy,5,0.1339004583345495,0.046635964192492114,0.21967319923948775,0.24814446003324245,0.09949681984711925,0.05801393728222998,0.11501057082452429,0.3582887700534759,0.02645858343337335,0.08579261409450088,-0.13601363663081176,0.23994755244755242,-0.056116264687693256,0.21284109149277686,0.04649282692324159,-0.03940053359088416,0.128851331985092,0.14192903548225888,0.06560756666564183,-0.09357896689276851,0.2275332032730251
Transformer,gcr_rank,5,0.24083867330575232,0.1600148115958843,0.31407977597902953,0.5828931245997402,0.1832429375503923,0.09878048780487808,0.3274136715997181,0.7737299465240642,0.6290036014405762,0.14715368488953393,-0.08780540371088774,0.5178321678321678,0.20354978354978356,0.17884512491254062,0.15290890750787697,0.0850309254821456,0.2227853871645511,0.0004997501249375312,0.3996685448028849,0.24525218525537576,0.5562767738451599
Transformer,hardneg,5,0.24964190092862729,0.170971724050011,0.3226374131406308,0.4834694988098632,0.21161729242763594,0.27160278745644606,0.27921071176885126,0.6387032085561498,0.5324849939975991,0.094017094017094,-0.02698916514821999,0.46695804195804197,0.14805194805194805,0.26726756389677736,0.1614342259761434,0.09194388289840247,0.23738336678342303,0.0004997501249375312,0.2961921396950949,0.12381326028687807,0.4738571095579244
Transformer,randaug,5,0.1327253351893441,0.050899898741324424,0.2120462230396771,0.20560308288016824,0.12298360031252877,0.04634146341463416,0.4043692741367159,0.3422459893048128,-0.14554621848739496,0.19013062409288825,-0.13689531534708752,0.11131993006993006,0.05607915893630179,0.1852492077211178,0.0448825451182612,-0.004410322001719075,0.09312680132074594,0.0384807596201899,0.025207656550659027,-0.07653165732224741,0.13471352859866217
