analysis,arch,method,delta,ci_lo_variant,ci_hi_variant,p_variant,ci_lo_promoter,ci_hi_promoter,p_promoter,delta_tata_prom,ci_lo_tata_prom,ci_hi_tata_prom,p_tata_prom,p_promoter_holm,p_tata_prom_holm,p_variant_holm
MPRA,CNN-Dense,gcr,0.024156343910364864,-0.03396948107018302,0.08341151110989238,0.426,-0.040177095397837044,0.09141138681759671,0.4668,0.11937276270929192,0.011681622396919049,0.23368010032453684,0.0292,1.0,0.146,
MPRA,CNN-GlobalPool,gcr,0.0024118481874813025,-0.05366739339266191,0.06084212490906866,0.93,-0.07619468698891951,0.07184947505834903,0.8492,0.07605030040312882,-0.022022820410715658,0.17619585397586046,0.1156,1.0,0.2312,
MPRA,CNN-GlobalPool,gcr_atlas,0.028447415187138114,-0.03104842029347258,0.08909087396476781,0.3588,-0.041107674729416586,0.12368299832763165,0.45,0.09821683071922765,-0.0009740486776974504,0.19594306739267883,0.0528,1.0,0.15839999999999999,
MPRA,CNN-GlobalPool,gcr_atlas_scram,-0.11911037242942576,-0.19765415944007822,-0.04078714503289276,0.0032,-0.22631332884767164,0.0018143689491288077,0.0552,-0.268326811950973,-0.4287289358176237,-0.11234557668540526,0.0012,,,
MPRA,CNN-GlobalPool,gcr_rank,0.04520684434816746,-0.005246983219418574,0.09520180870864717,0.0816,-0.019640420723548362,0.11282569598018116,0.1624,0.14760658480696837,0.06910039488321383,0.23465580104211356,0.0002,,,
MPRA,CNN-GlobalPool,hardneg,-0.009885460950956215,-0.06784261076386199,0.04671217998765657,0.7152,-0.060471757451243835,0.07316687154404565,0.8576,0.045813790780233676,-0.04590367826766849,0.1390161396455245,0.3372,,,
MPRA,CNN-GlobalPool,randaug,-0.0035086297896731455,-0.04882723646658048,0.04089824801548294,0.8676,-0.060926568392050066,0.07374094329033293,0.9476,0.04079041375302167,-0.02206341931547923,0.11012422426289852,0.1984,,,
MPRA,NT-v2-100M,gcr,-0.0038297305193199516,-0.06162357847364822,0.05307403188845018,0.9036,-0.09087569486337391,0.07483399383260254,0.946,0.1131944161666118,0.006333848744808374,0.22234567982533332,0.0372,1.0,0.1488,
MPRA,NT-v2-100M,gcr_atlas,0.0689111530618905,-0.00769163062096048,0.146787075505209,0.0784,-0.04648367763028297,0.2193387790492159,0.2924,0.17997164401766502,0.055397457583913935,0.30854193661586626,0.0032,1.0,0.019200000000000002,
MPRA,NT-v2-100M,gcr_atlas_scram,-0.06275188419590469,-0.13482534519825154,0.010700013733647993,0.086,-0.15712338249913405,0.03197996398637202,0.1644,0.00574893479974975,-0.11550905852003127,0.13089091172333403,0.9212,,,
MPRA,NT-v2-50M,gcr,-0.0250412929020766,-0.08488810142278319,0.0351734548828099,0.4244,-0.08872991516292755,0.03939745191910849,0.5784,0.014300151404657735,-0.10177295873829732,0.13646636252088457,0.7964,1.0,0.7964,
MPRA,NT-v2-50M,gcr_atlas,0.06538450921077715,-0.015065673541667983,0.14384396024512652,0.1108,-0.04373203433625408,0.20976533617759202,0.2852,0.17911652235717446,0.07723156463128053,0.29050034460553503,0.0002,1.0,0.0018000000000000002,
MPRA,NT-v2-50M,gcr_atlas_scram,-0.12880822760293958,-0.19364671976313105,-0.0639459979233312,0.0002,-0.19673535948324133,-0.05809342725673264,0.0004,-0.24445744196463273,-0.33845747610640114,-0.1499032378484021,0.0002,,,
MPRA,NT-v2-50M,hardneg,-0.03747111916494367,-0.10226641383263335,0.0263526776791325,0.2436,-0.1101671041205889,0.03137389795806744,0.236,0.06185750193420381,-0.029900374178146203,0.16017658670866405,0.1832,,,
MPRA,Transformer,gcr,0.09697374289139524,0.021223863227411578,0.17188963417547937,0.012,-0.002636711451918417,0.2396496225578116,0.0556,0.35195474888667616,0.18821484812310604,0.5174003535874483,0.0002,0.4448,0.0018000000000000002,
MPRA,Transformer,gcr_atlas,0.17712602862461196,0.09176985639307253,0.2607020613793891,0.0002,0.08124075133552458,0.3046650338382187,0.0012,0.367254393141258,0.19406462770698713,0.5366105583510477,0.0002,0.010799999999999999,0.0018000000000000002,
MPRA,Transformer,gcr_atlas_scram,0.04863506296587386,-0.02181310415053354,0.1226848771338059,0.182,-0.049675555121436156,0.123002239647193,0.3712,0.10596475121882604,-0.05265343807829323,0.2598430779508832,0.182,,,
MPRA,Transformer,gcr_decoy,0.04554888096836479,-0.039335518702218256,0.126997342542797,0.2836,-0.03683939730316454,0.11974624517006088,0.3288,0.06680684245401411,-0.09410148570551616,0.22616927365306116,0.4396,,,
MPRA,Transformer,gcr_rank,0.1524870959395676,0.0806800987180547,0.22320291065866954,0.0002,0.06135510641023928,0.2760247318897659,0.0008,0.40155550702051185,0.24963803708893184,0.5547325196007559,0.0002,,,
MPRA,Transformer,hardneg,0.16129032356244258,0.08870326486358569,0.23254870162833163,0.0002,0.09507962047715389,0.2679475010804985,0.0002,0.30213188123063484,0.1251612733958672,0.47332630130021947,0.0008,,,
MPRA,Transformer,randaug,0.04437375782315939,-0.004933488791963269,0.09495759394036818,0.0768,-0.005627087003091864,0.0784794996366813,0.0888,0.024265465300939898,-0.078953190162578,0.12664070091645718,0.6552,,,
TBP,CNN-GlobalPool,gcr,0.0,-0.4519268968007947,0.4375,0.992,,,,,,,,,,1.0
TBP,CNN-GlobalPool,gcr_atlas,-0.15824175824175835,-0.6816526427167834,0.26785714285714285,0.5096,,,,,,,,,,1.0
TBP,CNN-GlobalPool,gcr_rank,0.08791208791208782,-0.32218708611735286,0.5100957052999063,0.6912,,,,,,,,,,
TBP,CNN-GlobalPool,hardneg,-0.24175824175824182,-0.650005605381166,0.17194570135746606,0.2348,,,,,,,,,,
TBP,CNN-GlobalPool,randaug,-0.05714285714285722,-0.27877651433392847,0.03611942432816154,0.654,,,,,,,,,,
TBP,NT-v2-100M,gcr,0.1186813186813187,-0.11086091865537592,0.3910137328339575,0.418,,,,,,,,,,1.0
TBP,NT-v2-100M,gcr_atlas,-0.04395604395604402,-0.4054054054054054,0.295992960337267,0.7692,,,,,,,,,,1.0
TBP,NT-v2-50M,gcr,0.46593406593406594,-0.15349887133182843,1.0066822618495985,0.1364,,,,,,,,,,1.0
TBP,NT-v2-50M,gcr_atlas,0.3384615384615385,-0.15320459039971235,0.844538690476189,0.1844,,,,,,,,,,1.0
TBP,NT-v2-50M,hardneg,0.2505494505494506,-0.35876454879830716,0.8246071751460939,0.42,,,,,,,,,,
TBP,Transformer,gcr,0.32967032967032966,-0.3571428571428572,0.9658901946572782,0.3428,,,,,,,,,,1.0
TBP,Transformer,gcr_atlas,0.22857142857142854,-0.13966338787767352,0.5612785356347433,0.21,,,,,,,,,,1.0
TBP,Transformer,gcr_rank,0.4131868131868132,-0.2306372743110547,0.9707897845813537,0.1952,,,,,,,,,,
TBP,Transformer,hardneg,0.45274725274725275,-0.1761953157717332,0.9751720901920002,0.1444,,,,,,,,,,
TBP,Transformer,randaug,-0.25934065934065936,-0.759495093158868,0.14481283422459867,0.2344,,,,,,,,,,
