gene,snp,idx,shift,ref,alt,kd_wt,kd_mut,ddG,disease
HBB,-31A>G,18,0,A,G,44.0,99.0,0.4804761531081748,beta-thalassemia
HBB,-30T>A,19,0,T,A,44.0,116.0,0.5743698301339514,beta-thalassemia
HBB,-30T>C,19,0,T,C,44.0,111.0,0.5482642861809883,beta-thalassemia
HBB,-29A>G,20,0,A,G,44.0,390.0,1.2928095848342178,beta-thalassemia
HBB,-28A>G,21,0,A,G,44.0,87.0,0.4039182022062711,beta-thalassemia
HBB,-28A>C,21,0,A,C,44.0,300.0,1.1373587581372295,beta-thalassemia
HBB,-27A>T,22,0,A,T,44.0,64.0,0.22200586879403586,beta-thalassemia
HBD,-31A>G,18,0,A,G,46.0,120.0,0.5681188301785735,delta-thalassemia
CYP2A6,-48T>G,22,21,T,G,17.0,80.0,0.9176718746909669,lung cancer
SOD1,-27A>G,17,-5,A,G,40.0,170.0,0.8572994973897728,ALS
TPI1,-24T>G,23,-2,T,G,4.8,150.0,2.0393964803880786,neurological disorder
F9,-26G>C,20,-3,G,C,510.0,500.0,-0.011733056672986505,hemophilia B Leyden
IL1B,-31C>T,18,0,C,T,29.0,7.0,-0.8421710159517127,lung cancer
NOS2,-21C>T,27,-1,C,T,1.6,1.8,0.0697864486264072,infection resistance
